{"options":{"check_for_updates":false,"comment":null,"compatopts_for_requires":true,"compat_wrappedjsobject":false,"compat_metadata":false,"compat_foreach":false,"compat_prototypes":false,"noframes":null,"run_at":null,"override":{"merge_connects":true,"merge_excludes":true,"merge_includes":true,"merge_matches":true,"orig_connects":[],"orig_excludes":[],"orig_includes":[],"orig_matches":["*://*/*"],"orig_noframes":null,"orig_run_at":"document-end","use_blockers":[],"use_connects":["webtrn.cn"],"use_excludes":[],"use_includes":[],"use_matches":[]}},"settings":{"enabled":true,"position":5},"meta":{"name":"彩云小译","uuid":"a9803198-19ed-4bef-aaa5-a689508df1ba","modified":1625811610684,"file_url":"https://greasyfork.org/scripts/378131-%E5%BD%A9%E4%BA%91%E5%B0%8F%E8%AF%91/code/%E5%BD%A9%E4%BA%91%E5%B0%8F%E8%AF%91.user.js"}}